<annotation verified="no">
  <folder>Unknow</folder>
  <filename>Unknow</filename>
  <path>Unknow</path>
  <source>Unknow<database>Unknown</database>
  </source>
  <size>
    <width>512</width>
    <height>512</height>
    <depth>1</depth>
  </size>
  <segmented>0</segmented>
  <object>
    <name>a</name>
    <pose>Unspecified</pose>
    <truncated>0</truncated>
    <Difficult>0</Difficult>
    <bndbox>
      <xmin>297</xmin>
      <ymin>325</ymin>
      <xmax>383</xmax>
      <ymax>400</ymax>
    </bndbox>
  </object>
</annotation>